{
  "front": {
    "cam_pos": [
      64.52995622830159,
      3.5893709630685664,
      -313.1233965454963
    ],
    "target": [
      64.58135521834012,
      3.085666424428435,
      77.72518816451702
    ],
    "f": 329.1708203160148,
    "cx": 63.401868540093545,
    "cy": 118.75480071306217
  }
}