{
  "front": {
    "cam_pos": [
      64.53026642188014,
      3.5895070697298035,
      -313.1218094713276
    ],
    "target": [
      64.58061630598021,
      3.0858429985225486,
      77.86790814707349
    ],
    "f": 329.1692197534404,
    "cx": 63.40122016553624,
    "cy": 118.75446342177118
  },
  "drone": {
    "cam_pos": [
      75.4716468575338,
      236.93712425655212,
      -551.0462257076878
    ],
    "target": [
      90.26169941346055,
      -54.43552829429147,
      49.14940149897052
    ],
    "f": 832.8135838810946,
    "cx": 214.32461186646765,
    "cy": 247.0
  }
}