{
  "front": {
    "cam_pos": [
      256.5,
      169.0,
      -1142.205078125
    ],
    "target": [
      256.5,
      169.0,
      256.5
    ],
    "f": 1060.6601717798212,
    "cx": 256.0,
    "cy": 159.0
  },
  "drone": {
    "cam_pos": [
      256.5,
      169.0,
      -1142.205078125
    ],
    "target": [
      256.5,
      169.0,
      256.5
    ],
    "f": 912.4845204166479,
    "cx": 245.5,
    "cy": 168.5
  }
}