{
  "front": {
    "cam_pos": [
      262.31212884,
      34.2594143,
      -1152.80492587
    ],
    "target": [
      248.06469675,
      -3.0,
      99.0
    ],
    "f": 1202.0,
    "cx": 247.0,
    "cy": 318.0,
    "H": 318,
    "W": 512
  },
  "drone": {
    "cam_pos": [
      -308.0,
      438.0,
      -512.0
    ],
    "target": [
      72.0,
      362.72156262,
      -70.0
    ],
    "f": 582.0,
    "cx": 284.0,
    "cy": 37.0,
    "H": 337,
    "W": 491
  }
}