{
  "front": {
    "cam_pos": [
      178.0903148153034,
      109.76055385201009,
      -720.4789141145992
    ],
    "target": [
      176.7931524384716,
      32.582089837770276,
      99.28123075592751
    ],
    "f": 758.8277176431711,
    "cx": 175.7877538666445,
    "cy": 470.0833618696701
  }
}