{
  "front": {
    "cam_pos": [
      178.08744441139925,
      109.74655883809098,
      -720.4927625656592
    ],
    "target": [
      176.77287503462932,
      32.61177792928468,
      98.94166664795908
    ],
    "f": 758.843382992267,
    "cx": 175.76727751953132,
    "cy": 470.0849356849451
  },
  "drone": {
    "cam_pos": [
      -1812.0,
      1223.0721130458762,
      -1051.9828163387847
    ],
    "target": [
      -175.00141377550617,
      660.0,
      238.0
    ],
    "f": 1521.0,
    "cx": 0.0,
    "cy": 0.0,
    "H": 426,
    "W": 323
  }
}