{
  "front": {
    "cam_pos": [
      178.0,
      256.5,
      -1031.530517578125
    ],
    "target": [
      178.0,
      256.5,
      178.0
    ],
    "f": 1070.9024231927015,
    "cx": 177.5,
    "cy": 256.0
  },
  "drone": {
    "cam_pos": [
      178.0,
      256.5,
      -1031.530517578125
    ],
    "target": [
      178.0,
      256.5,
      178.0
    ],
    "f": 885.6477855219872,
    "cx": 161.5,
    "cy": 213.0
  }
}