{
  "front": {
    "cam_pos": [
      256.0,
      56.0,
      -759.0
    ],
    "target": [
      255.2514976888977,
      -5.8478411024174735,
      102.00000000000045
    ],
    "f": 796.0,
    "cx": 256.0,
    "cy": 321.0000000000001,
    "H": 321,
    "W": 512
  },
  "drone": {
    "cam_pos": [
      257.24040378388094,
      680.0,
      -1199.0
    ],
    "target": [
      239.32277454361977,
      -31.1252434474264,
      160.0
    ],
    "f": 575.0,
    "cx": 151.0,
    "cy": 194.0,
    "H": 220,
    "W": 316
  }
}