{
  "front": {
    "cam_pos": [
      256.16092585418806,
      66.15917775966938,
      -746.2823811603031
    ],
    "target": [
      256.6718941078134,
      -11.42220243637145,
      99.93928530290758
    ],
    "f": 796.4037840050479,
    "cx": 256.3224985508785,
    "cy": 321.0
  }
}