{
  "front": {
    "cam_pos": [
      256.5,
      160.0,
      -1191.569091796875
    ],
    "target": [
      256.5,
      160.0,
      256.5
    ],
    "f": 1101.0540404539643,
    "cx": 256.0,
    "cy": 160.5
  },
  "drone": {
    "cam_pos": [
      256.5,
      160.0,
      -1191.569091796875
    ],
    "target": [
      256.5,
      160.0,
      256.5
    ],
    "f": 505.2128264405012,
    "cx": 158.0,
    "cy": 110.0
  }
}