{
  "front": {
    "cam_pos": [
      256.5,
      135.5,
      -1071.697265625
    ],
    "target": [
      256.5,
      135.5,
      256.5
    ],
    "f": 980.924054144866,
    "cx": 256.0,
    "cy": 139.0
  },
  "drone": {
    "cam_pos": [
      256.5,
      135.5,
      -1071.697265625
    ],
    "target": [
      256.5,
      135.5,
      256.5
    ],
    "f": 934.4003424656905,
    "cx": 241.0,
    "cy": 169.0
  }
}