{
  "front": {
    "cam_pos": [
      259.12874164423005,
      22.083683961709973,
      -621.8165179223698
    ],
    "target": [
      241.57336694564452,
      -2.5434348417816746,
      67.22298884303389
    ],
    "f": 663.555529872853,
    "cx": 239.4773663512255,
    "cy": 275.76556074755376
  }
}