{
  "front": {
    "cam_pos": [
      259.12890245369744,
      22.083760519184338,
      -621.8157373900369
    ],
    "target": [
      241.4972174847655,
      -2.648092079909095,
      70.22370008942315
    ],
    "f": 663.5554475664319,
    "cx": 239.47764219607686,
    "cy": 275.7630636623127
  },
  "drone": {
    "cam_pos": [
      735.3706143927312,
      307.0800984710215,
      -306.15674895016156
    ],
    "target": [
      569.2922366948085,
      309.8086805802229,
      98.77943176564975
    ],
    "f": 434.50359493854756,
    "cx": 412.78235979059514,
    "cy": 39.503314626003835
  }
}