{
  "front": {
    "cam_pos": [
      65.0,
      87.5,
      -264.2917175292969
    ],
    "target": [
      65.0,
      87.5,
      64.5
    ],
    "f": 252.3568901377571,
    "cx": 64.0,
    "cy": 61.5
  },
  "drone": {
    "cam_pos": [
      65.0,
      87.5,
      -264.2917175292969
    ],
    "target": [
      65.0,
      87.5,
      64.5
    ],
    "f": 391.60183860651114,
    "cx": 181.0,
    "cy": 123.5
  }
}