{
  "front": {
    "cam_pos": [
      261.51468069504557,
      39.27493091102237,
      -1136.458883111985
    ],
    "target": [
      249.04148248761388,
      -8.705317978008269,
      97.51048338168897
    ],
    "f": 1201.6082929944075,
    "cx": 246.76553723067838,
    "cy": 318.0
  }
}